1,193,2450,3285,1556,3355,382,5881,6503,256,2232
2,800,5225,3435,52,1212,41285,6796,3730,1945,2186
3,3000,5225,8983,41285,922,61323,319,1212,2186,3435
5,3730,1253,3198,3000,1283,1254,2600,3435,1945,6440
6,2450,2369,2297,48,2581,585,1907,1367,3791,2724
7,7360,2232,61132,56782,8957,70286,69122,61323,5903,54272
10,5992,1958,215,5225,342,1172,1235,1104,909,37741
11,2232,8950,7360,8957,61323,59615,61132,37729,69122,70286
16,2297,2450,455,6503,2724,1907,54001,7454,48,2393
17,7360,5219,8957,3275,5903,7454,5254,34150,53996,31696
19,800,3435,909,5992,1945,1958,1172,342,2186,1254
21,53996,2232,8957,7360,48,59615,5903,46723,8950,63082
22,61323,68954,63082,69122,59615,72998,68157,61132,3000,68358
25,53996,7454,34319,2450,34150,59615,52722,5219,44,5903
31,1254,3730,800,1292,1212,3551,1283,61323,1253,2186
32,2724,2369,2450,4041,1556,1835,5,1367,2133,954
34,1687,5903,8950,2232,3275,7360,4015,6709,7454,34319
36,34150,7454,6541,5219,4015,6503,2450,44,5903,34319
39,5903,2232,59615,49530,61323,46723,5881,7360,34319,8950
44,1292,5992,1172,909,4029,1945,800,1958,3435,37741
45,53996,59615,34319,5903,34150,52722,3275,69122,49530,61323
47,2369,1957,342,2450,2528,2469,1373,1958,2724,2393
48,800,4029,3198,1965,3551,1292,475,3735,3730,866
50,2450,256,1556,6503,48,1591,455,1835,1367,193
52,53996,34150,5903,7454,34319,5219,6754,8957,3275,52722
62,2232,7360,2600,6503,61323,3355,3267,319,1298,3328
70,5992,1104,914,342,1958,954,2501,37741,1957,2243
95,5225,61323,5992,1172,1104,1235,41285,46723,1945,8910
104,5992,1254,1292,1172,3730,1283,3435,800,5225,909
110,342,2369,5992,8910,2186,5225,41285,215,1086,52
111,7454,2450,34150,1556,5,2724,1835,6503,4023,1367
112,46723,5992,41285,61323,63082,69122,39183,8950,68157,5225
141,7360,2232,34319,49530,5903,59615,5219,34150,61323,53996
145,1235,1104,1292,5992,1172,1945,1254,3730,1086,2186
150,2450,1298,8910,2232,61323,6503,7360,1591,3355,319
151,8910,4015,8807,3882,37729,61323,6503,8957,61132,7360
153,800,1254,1292,5225,5992,909,3730,2976,215,1104
158,800,3730,2064,1292,3551,4029,4327,3198,1283,1945
160,5992,5225,37741,1172,41285,3435,1104,39292,922,215
161,61323,37729,8910,8807,5225,41285,5992,69122,2232,3000
163,5992,1104,1958,954,1292,37741,909,1235,342,1172
165,5992,5225,1104,1172,1945,1292,1235,342,2369,52
168,922,6440,5225,2186,8910,1244,3435,1235,6620,3730
170,5992,1945,3435,1254,1172,41285,922,1104,1244,2186
172,1104,5992,2186,41285,1244,1945,61323,909,46723,8981
173,5992,909,41285,2186,1104,215,1945,1172,1292,5225
180,3198,1292,1957,1283,1172,1945,5992,3435,969,909
185,6440,2186,1254,3435,61323,2300,800,922,1945,909
193,1172,5992,215,475,38038,41285,954,37741,1945,46723
196,5992,1104,8910,1172,37741,5225,3435,61323,909,41285
198,61132,63082,2724,61323,59615,455,1367,5992,30825,8807
208,8910,2186,3435,5225,37741,1104,5992,215,41285,909
215,2450,1037,2735,2826,1591,1388,2986,3639,3113,379
216,2467,1172,5992,3198,1254,3435,909,1283,1212,3730
223,1835,1367,2724,168,1556,3198,4041,1388,5881,48
225,37729,3000,61132,70286,8910,38038,61323,5618,8807,51255
231,5992,2528,800,2369,5225,909,1104,342,1253,954
235,7454,1556,4023,2724,34150,1100,34319,53996,1792,2340
247,7454,2431,6541,1556,1687,34150,1591,59615,4023,34319
253,1283,1254,3435,61323,5992,800,4327,1086,2186,6873
256,5225,1945,3730,1283,3435,37741,922,1292,2186,6620
260,193,5992,2450,31,3285,8910,342,1835,256,4015
266,2232,61323,59615,37729,7360,70286,54272,3000,61132,2186
288,2724,2501,914,954,1907,1957,1835,7,6879,59615
292,8910,61323,3435,5225,1212,922,215,5992,1244,2186
293,2369,2724,5992,2469,5,1958,1835,1373,2581,2450
296,2450,256,1367,2724,1835,1556,1591,455,2297,48
300,7454,5219,1591,34150,7360,53996,6503,3275,59615,5903
303,61323,5992,63082,46723,8910,37741,41285,5225,8950,7160
316,5992,215,41285,5225,1104,2186,909,1172,37741,61323
317,41285,319,475,5225,800,5992,6440,37741,61323,6016
318,2450,6503,193,4015,1298,1556,2369,256,3639,1965
319,53996,45517,59615,34150,4023,2431,455,6287,5,673
329,41285,61323,5225,5992,8981,8950,46723,51540,215,49530
333,5992,2467,1172,475,1212,3198,215,1244,922,3435
337,2450,59615,7454,1591,3986,5219,34150,3639,4446,379
339,2232,7360,3355,5903,4105,1298,3328,8950,2951,3000
342,3275,7360,5903,5219,3438,44,8957,59615,2450,61132
344,3435,5225,5992,1254,1172,800,909,1945,1292,1086
349,61323,8910,7360,61132,37729,69122,63082,8807,5225,8950
350,69122,7360,61323,61132,8807,8910,54503,70286,3000,59615
353,5992,1292,1086,46723,954,909,1172,1283,1957,1104
355,800,5225,3730,1945,1292,1212,1254,41285,52,8910
356,1965,2450,2976,8910,800,319,3435,193,2369,5881
357,3275,7360,1591,5903,53996,3438,4015,59615,5219,2232
364,1965,800,3763,2369,2976,3198,3551,4029,342,475
367,5992,5225,41285,46723,215,1086,5881,4029,37741,800
368,5225,41285,8910,2186,61323,46723,8950,215,6620,5992
370,5225,1172,5992,342,800,37741,1958,8981,41285,8910
372,53996,59615,72998,56174,7360,52722,2232,54997,34319,54272
376,61323,3275,61132,54001,69122,8910,7360,37729,3000,8807
377,1298,8910,61323,2450,5992,41285,2976,37729,5225,8950
379,5992,5225,41285,8910,37741,1104,61323,39292,215,6620
380,5992,8910,61323,5225,215,41285,1104,1172,2976,1292
382,46723,68954,8910,45517,1172,56782,52973,54503,5225,8807
410,49530,46723,61323,41285,6879,7162,51540,63082,2501,40583
420,909,1235,1104,5992,1172,37741,1945,5225,800,1292
431,2724,2581,54001,6503,1367,1907,2297,455,48,7454
432,5225,5992,41285,8950,61323,51540,922,2232,46723,37741
434,8910,1104,5225,61323,1235,41285,37741,909,1292,37729
435,41285,5992,1172,215,5225,3435,2186,800,46723,37741
440,7360,8957,2232,61323,8950,59615,61132,5903,31696,53996
441,7454,34319,59615,3986,1556,1367,1835,52722,48,45447
442,5992,1172,1104,1292,37741,5225,1945,1235,909,41285
454,7360,61323,8910,3000,37729,8807,61132,69122,59615,2232
455,800,6440,3730,1212,319,4327,1965,3435,475,1283
457,2450,61323,8910,215,37729,7360,1298,5992,2232,193
466,5992,37741,5225,1172,1104,909,1945,41285,46723,1254
471,7454,53996,1556,49530,34150,1367,45447,56174,5219,31696
474,61323,37729,8807,8910,54001,69122,53996,4015,63082,59615
475,4015,6503,34150,3438,5219,2450,7454,53996,333,48
480,5992,2450,800,5225,2976,193,342,8910,4029,1965
485,5992,5225,1104,41285,37741,1945,909,8910,215,1235
494,61323,63082,8910,8950,69122,5225,37741,56782,46723,37729
497,7360,8957,5219,56174,4015,69122,2232,61132,34150,31696
500,800,5881,2976,319,2600,1254,1965,1212,3328,2232
508,6503,7360,4015,59615,7454,2450,61323,34150,52722,53996
509,53996,216,34150,2450,3275,333,7454,4015,3438,2335
520,800,3730,1179,1958,475,5992,1292,3551,909,1945
527,6503,4015,2450,193,256,1591,4980,5219,719,3438
529,7454,7360,8957,2232,5219,5903,4015,53996,6503,69122
539,2232,7360,61323,1298,3275,1261,799,5903,61132,3000
541,1835,4023,2724,3969,5,2581,31,1556,719,2431
543,46723,63082,41285,59615,61323,56782,72998,49530,5992,79132
551,225,2724,6879,4041,49530,1556,1687,2881,4023,1693
552,5225,2186,41285,1292,61323,3730,37741,3435,1945,5992
553,5992,41285,5225,46723,61323,215,37729,38038,8910,342
555,2724,455,1907,1367,48,2297,5,1835,2581,3969
585,61323,49530,63082,8950,36529,59615,46723,5903,54997,2232
586,800,2976,1298,1965,1254,4029,475,5881,5225,319
587,61323,2232,7360,6440,61132,8950,8807,3328,3267,8910
588,2976,3198,193,800,1298,1965,2600,5881,4029,4681
589,5992,342,8910,215,2450,2724,2359,41285,5225,2581
590,61323,4015,6503,8910,8807,37729,7360,61132,2450,3273
592,5992,61323,215,8910,1172,5225,46723,49530,41285,342
593,2450,256,193,6503,1591,59615,1373,52722,1556,4015
594,7360,36529,49530,69122,5903,61132,3285,2232,4015,61323
595,2232,3198,5903,49530,3355,5881,4015,8950,1965,1298
596,49530,36529,69122,7445,7360,5903,1687,1556,6503,8957
597,7360,1261,2232,2976,799,6440,5881,1254,1298,2600
608,7454,34150,2450,6503,1591,1556,256,53996,44,48
628,3000,2450,59615,4467,6541,7454,37729,1965,2393,52722
647,61323,37729,7360,69122,68157,70286,61132,2232,54272,72998
648,5225,5992,1104,1254,800,1292,1965,2976,1172,2450
653,41285,5225,215,3730,6440,37741,5992,909,51540,1292
673,342,800,4029,3551,1958,5992,2369,1179,2186,2467
708,5903,2232,8957,59615,7360,61132,61323,3275,8950,53996
719,5225,3000,1254,1945,8983,56782,37741,61323,38038,70286
724,1172,1254,46723,1283,61323,4327,49530,3730,909,63082
733,1104,5992,1172,5225,342,1292,2369,41285,909,61323
736,3435,2186,800,8910,5225,922,1254,5992,1212,41285
745,1835,1556,1792,2505,1687,3113,2724,6879,3969,1100
750,1556,2724,34150,4023,7454,6503,2581,1100,1591,1367
762,3435,1945,2186,1104,3730,5992,909,61323,1254,51540
778,2724,1556,1373,1835,1792,2581,2450,1894,4023,3
780,5225,5992,3730,800,2976,41285,215,475,1104,6440
784,5992,914,1283,800,1958,954,1086,1253,909,2369
785,5992,46723,39183,41285,59615,79132,54001,1104,37729,49530
786,41285,1172,5225,1104,1235,5992,2186,37741,1292,215
788,41285,1086,3730,37741,3435,5225,800,1172,215,2186
799,1172,41285,37741,30749,46723,5992,7162,8958,36517,1957
800,5219,7454,53996,34150,8957,4015,34319,3275,31696,56174
802,1212,2186,3730,3435,61323,922,3000,1254,6440,1945
805,3000,1077,61323,1965,70286,59615,63082,1253,4467,68954
832,61323,8910,3000,5225,37729,1172,2186,1235,1292,922
849,41285,5992,37741,5225,63082,39183,39292,30749,215,61323
852,7360,2232,8950,37729,61323,70286,79132,69122,54272,63082
858,2450,6503,1556,256,2297,4015,1591,455,2581,1835
866,59615,34150,53996,34319,6287,48,30825,3275,1367,69122
899,5219,7454,3113,7360,6503,1591,56174,34319,5903,31696
902,5219,7360,1591,44,2450,3113,3986,5254,2232,53996
903,2450,1556,7454,34150,1591,53996,34319,4023,256,216
904,1556,34150,1591,44,2450,5219,6503,3113,53996,1687
908,7454,1556,44,3113,5219,1591,6503,34150,2450,8957
909,5219,44,7454,6503,34150,1591,6754,31696,4015,34319
910,3275,7454,5219,34150,5903,44,31696,1591,4015,53996
912,2450,4015,6503,1556,7454,8957,34150,53996,44,5219
913,34319,8957,5219,53996,4015,6287,34150,3285,49530,4023
914,7360,5903,4015,3275,8957,5219,44,5254,3285,2232
919,2232,3285,5903,36529,1687,256,7360,193,1556,49530
920,7360,5219,44,4015,5903,3275,2232,2450,1591,8950
922,7454,5219,53996,34150,168,44,1591,3986,3113,256
923,7454,2450,1556,34150,5219,44,6503,4015,1100,256
924,2581,1556,2724,31,1835,4023,2450,256,455,5
953,1556,7360,5219,31696,3275,3113,4015,6503,3986,5903
954,4015,3285,31696,6503,5219,7454,1687,34319,1556,3275
968,49530,4023,5,6879,2431,3969,2724,2581,45447,1835
969,4015,8957,44,53996,3275,216,7360,34319,31696,36529
1020,3435,1212,2186,5225,922,800,5992,3730,1945,1298
1022,7360,36529,49530,61323,46723,5903,61132,7445,69122,56174
1027,5225,2186,3730,342,1104,1292,3435,1086,61323,1077
1028,7360,36529,46723,61323,8950,34319,49530,5903,8957,2232
1029,36529,49530,69122,5903,8950,7360,46723,63082,8957,7445
1032,193,225,1687,3198,49530,3986,40583,36529,1556,54997
1035,7360,2232,8957,5219,5903,3113,3275,2505,36529,3355
1036,5992,5225,2450,8910,342,1104,2297,52,193,215
1037,41285,215,39183,46723,2186,5992,61323,1172,1244,37741
1042,7360,2232,5903,8950,36529,61323,3328,8957,3355,34319
1047,63082,61323,68954,46723,61132,1172,5225,41285,37741,8910
1059,3198,1253,1292,3551,3763,1272,1283,3104,4327,3735
1060,1556,48,3986,59615,52722,3113,1367,455,7454,34150
1061,1253,3000,2300,38038,954,59615,1965,68954,1077,1254
1073,46723,36529,49530,3285,41285,59615,61323,1687,8950,5992
1077,3275,7445,53996,8957,4015,34150,34319,7454,5219,6754
1079,53996,49530,52722,4015,7360,1556,34150,6503,8957,5903
1080,4023,1556,1835,2724,2581,5,2881,1100,455,6879
1084,34150,44,5903,7454,53996,3275,2450,34319,31696,5219
1086,5219,1591,44,4446,34150,3275,2450,4015,1556,6754
1088,7360,2232,61323,8950,59615,2976,5903,6440,36529,51540
1089,2724,1835,1367,48,2297,455,2450,2581,4023,1556
1090,6503,2450,4015,8910,2581,3882,2297,37729,7454,4023
1091,5992,41285,46723,215,61323,1172,5225,8983,1945,63082
1092,61323,3000,8910,8807,48,54001,61132,59615,3275,37729
1093,59615,53996,54001,52722,34319,79132,48,61132,34150,72998
1094,53996,7454,3275,34150,4015,5903,59615,34319,5219,673
1095,7454,6541,34150,5219,6503,53996,31696,1556,44,48
1097,193,2450,3275,6503,4015,7360,5903,2232,1687,3285
1100,2186,3435,5225,1077,1292,3000,1235,1254,61323,1172
1101,2186,5992,3435,922,2976,6440,247,7360,1254,8910
1103,5219,7454,31696,34319,53996,44,5903,34150,1591,3275
1104,5219,2450,3986,7454,34319,34150,5903,6754,3113,53996
1120,59615,7454,53996,54001,34319,52722,1367,48,5,34150
1127,61323,8910,5225,41285,5992,8807,1104,63082,215,4015
1129,5992,41285,215,63082,5225,46723,8910,37741,61323,8981
1136,1556,193,1835,49530,4023,2724,455,256,5992,3173
1148,1792,1556,2724,1835,3969,1586,1100,1687,3113,4023
1172,5219,44,2450,34150,1591,7454,3438,7360,6541,4015
1179,53996,34150,34319,8957,5903,4015,59615,3275,7454,5219
1183,5219,7360,2450,3438,4015,3275,1974,44,34150,333
1186,53996,44,5903,34150,5219,4015,3275,59615,7454,34319
1193,2450,6503,7454,1556,1591,34150,256,4015,2581,3882
1196,5992,1835,31,342,193,46723,3285,2450,2724,6503
1197,46723,7360,8950,8957,41285,2232,5992,3285,3355,61323
1198,193,2450,1835,5992,256,4015,31,3285,1556,6503
1199,4023,2724,1835,1556,2581,5,1100,3969,2881,2431
1200,5992,2724,5,2581,4023,8910,719,1835,31,3969
1201,2581,1835,4023,2724,6503,3882,3969,2297,5,1556
1203,6503,1556,7454,1591,44,5219,34150,256,2450,3882
1204,6503,4015,34150,8957,1556,6287,7293,5219,216,7454
1206,2724,1556,2581,5,6503,4023,2450,1835,168,34150
1207,6503,34319,34150,1556,31696,7454,53996,2232,5219,3986
1208,2581,2450,2724,1835,4023,6503,7454,1556,34150,5
1210,5992,342,5225,41285,215,319,52,2976,8910,1104
1212,1556,2694,5219,4015,7454,34150,6503,44,4023,53996
1213,2450,1556,1367,256,6503,7454,2724,2581,455,2297
1214,2724,1835,2581,2450,5,4023,719,256,1556,5992
1215,5992,342,2724,3100,1172,1957,46723,2369,41285,1955
1219,34150,1556,6503,7454,53996,2450,4015,52722,1687,1591
1220,5992,1835,8910,455,46723,41285,8981,3882,2581,4023
1221,6503,2450,4015,2581,3882,34150,2297,7454,1556,44
1222,2724,1367,6503,5,1835,2581,48,1556,1907,2297
1225,4015,6503,44,1556,5219,3273,34150,1591,7360,7454
1228,7454,6503,34150,6541,2450,53996,6754,2581,34319,5219
1230,7454,5219,3986,1591,6541,6754,3113,1556,34150,5903
1231,5219,4015,6503,8957,31696,2232,3285,5903,8950,34319
1233,216,4015,6503,455,2581,724,8807,333,4023,5
1234,6503,53996,4015,7360,5219,3273,3409,1591,44,8957
1235,5219,7454,34319,1556,5254,5903,44,3113,34150,3986
1240,5992,1835,2450,8910,31,256,2724,5,342,2297
1242,6503,2232,7360,61323,3285,7454,8957,4015,34319,31696
1244,7454,5219,34150,44,1591,6754,6541,2450,3275,2826
1245,2724,455,7454,1556,6503,2581,1835,1591,4023,2431
1246,7360,5219,4015,193,6503,59615,2450,6709,3986,799
1247,34150,7454,5219,44,1591,1556,2450,31696,6503,53996
1249,216,6287,59615,7293,8807,4015,52722,673,69122,30825
1250,4015,6503,8807,216,34150,7454,724,44,3285,5219
1252,7454,34150,2450,4015,1556,6503,455,53996,1591,5219
1253,4161,5,6287,6503,4015,2581,3285,4023,5810,1556
1254,4015,6503,7454,34150,5219,1556,44,2694,3285,34319
1258,2724,2450,1556,5,168,1367,256,1373,2369,1835
1259,7454,34319,1556,59615,52722,53996,1591,34150,5219,6503
1261,5992,4023,7162,2724,6879,46723,6565,49530,1680,1957
1262,6503,4015,3882,158,2450,455,3273,4023,724,3409
1263,6503,34150,7454,4015,2581,3882,2450,4980,59615,5
1265,2450,193,1556,1974,3285,31,256,1591,1298,3273
1266,6503,4015,1556,1367,2581,2450,455,48,53996,1835
1267,5219,53996,34150,8957,4015,7454,5903,34319,7360,31696
1270,193,2450,5992,5225,2976,1298,5881,46723,342,41285
1271,7360,2232,5903,4015,5219,3275,52722,61132,1261,3697
1272,4015,8957,6503,2232,44,31696,34319,8807,3882,5219
1275,5992,1104,41285,5225,2186,215,37741,909,6873,1244
1276,6503,5219,34150,1556,48,1835,2232,4015,7454,37729
1278,3285,49530,34319,1556,53996,2232,46723,5903,36529,8957
1282,7360,49530,8957,3285,36529,34319,5219,7445,69122,5903
1283,4015,6503,5903,7454,8957,5219,30825,53996,34150,34319
1285,49530,5903,46723,59615,34319,53996,1556,1687,36529,3986
1287,6503,3882,4015,8910,8807,61323,7360,724,7293,216
1288,1556,1835,49530,4023,34319,455,2724,2431,1792,34150
1291,5225,5992,342,2976,8910,2369,1104,193,1172,4029
1292,44,4015,5219,6754,7454,53996,6503,8957,31696,34150
1293,6503,7360,4015,7454,5219,3273,31696,6709,34150,8807
1298,6879,4023,2724,3916,8972,2581,1835,7162,52722,2501
1302,2232,7360,37729,61323,8950,6503,4015,5903,8957,3355
1304,6503,5219,4015,7454,53996,1591,7360,8957,34150,3409
1307,2232,5219,7360,5903,1591,3275,44,8957,3113,4015
1320,5992,1104,2501,4029,909,37741,5225,342,8910,52
1321,49530,41285,46723,4023,215,5992,30825,36529,31,30749
1333,53996,34150,4023,34319,6503,1556,49530,36529,3275,4015
1339,61323,2501,52973,69122,333,8807,63082,61132,46723,54503
1343,54001,59615,34150,63082,53996,61132,45517,1907,61323,52722
1345,49530,34150,59615,6879,61323,1556,7325,1687,34319,36529
1347,5992,215,61323,46723,49530,41285,342,37741,1172,40583
1350,61323,41285,61132,52973,63082,79132,54272,4023,54503,215
1356,41285,61323,5225,8950,5992,46723,215,8981,8910,51540
1357,53996,34150,7454,59615,5219,7360,4015,34319,1556,61132
1358,6503,7454,4015,59615,5219,34319,34150,48,52722,53996
1367,6620,6440,3730,1292,1965,2976,800,1945,6796,1254
1370,5992,1104,5225,8910,1235,1945,41285,37741,800,1172
1371,41285,5992,61323,8950,8981,5225,46723,51540,8957,63082
1372,5225,41285,61323,5992,8950,46723,8981,39183,7160,51540
1373,5225,61323,41285,8950,46723,5992,51540,8981,56782,6016
1374,5992,46723,61323,41285,3285,8950,8981,8957,5225,69122
1375,61323,5225,41285,5992,8950,46723,8981,51540,69122,8957
1376,8950,5992,61323,5225,41285,46723,49530,69122,51540,8957
1377,1172,5992,1958,2501,800,37741,5225,49530,52,1945
1378,5992,46723,61323,63082,5225,41285,1244,68954,56782,1172
1380,2232,61323,8950,7360,5881,3328,2976,5903,49530,59615
1385,5992,8910,61323,5225,46723,63082,41285,37729,1235,39183
1387,2450,4015,6503,256,2724,4023,193,61323,2581,31
1388,61323,63082,41285,215,5225,46976,37741,8910,5992,6620
1391,1958,3100,954,2501,7162,5992,49530,6879,1172,1957
1393,2450,1298,2232,7360,1591,5903,3000,1261,4467,2528
1394,1556,7454,53996,34319,34150,3986,5219,5903,49530,59615
1396,46723,61323,41285,69122,7360,61132,8950,37729,5225,8957
1405,2724,5992,1957,4041,46723,3198,41285,914,6879,17
1407,1292,1957,1254,5992,4327,1283,2501,2359,3100,61323
1408,61323,4015,8910,7360,6503,8807,54272,2232,61132,45517
1409,61323,5225,70286,3000,3730,2186,56782,61132,1212,2232
1438,5225,1292,41285,1235,1172,39292,3730,61323,922,2186
1441,2232,59615,61132,7360,69122,5903,36529,79132,34319,70286
1466,6503,34150,455,2393,7454,1367,48,2450,1373,2413
1476,46723,54001,34319,72998,49530,59615,79132,68954,61323,5992
1479,2186,5225,909,6440,1945,37741,3730,1172,5992,1254
1485,800,1965,5225,1292,1086,3435,1254,922,2467,52
1499,5992,1104,39292,909,37741,1172,41285,1235,61323,342
1500,46723,53996,59615,8957,2232,63082,72998,69122,37729,56174
1513,59615,49530,36529,5903,8950,46723,54997,51540,2232,34319
1517,5992,1172,1254,1283,1945,954,46723,909,49530,61323
1527,5992,1104,909,954,3435,1172,1958,800,1945,52
1544,800,5992,215,8910,342,5225,52,37741,4029,41285
1552,5992,5225,909,8910,1292,1945,215,1104,1235,2186
1556,5225,3435,37741,1235,39292,6440,1212,1292,6620,1254
1562,800,909,5225,2186,1254,1235,37741,1104,1172,1945
1569,7360,2232,4105,1261,3275,5903,1298,8950,61323,70286
1573,8910,5992,1104,2450,61323,954,342,1945,2528,1086
1580,193,41285,5992,2450,5225,2976,215,5881,8950,8910
1584,61323,3435,2186,4327,1254,1283,4015,1945,7360,193
1586,61323,8910,2186,6440,745,3435,1148,1244,215,1212
1587,5992,5225,41285,37741,909,215,2186,8981,52,1172
1589,54001,48,63082,3000,1907,45517,37729,5225,46976,68954
1590,1104,1292,3435,909,37741,5992,1244,1945,1254,52
1591,5992,5225,2186,41285,3730,39292,1172,909,1244,3435
1597,5225,61323,922,3000,1292,1235,41285,3435,1104,2186
1608,5225,1298,61323,8910,5992,6620,319,6440,3000,41285
1610,61323,8910,5992,5225,37729,8950,7360,41285,61132,4015
1614,59615,2232,53996,49530,5903,34319,8950,61323,7360,56174
1617,2450,1591,48,256,34150,7454,6503,455,4015,44
1620,61323,63082,3000,68954,50872,56782,60069,1244,61132,5225
1625,2369,1104,48,954,342,1077,2450,914,1254,1283
1635,59615,7454,6541,53996,56174,31696,5219,1591,34150,3275
1639,3198,1367,59615,3984,7454,1556,48,3639,3635,53996
1641,7360,34150,59615,53996,3275,34319,52722,2450,31696,5219
1644,1292,1283,1172,1254,1244,1235,1945,1957,3730,5225
1645,1254,2186,954,1283,909,745,1292,1212,1104,1253
1653,2450,193,4333,2794,2369,1283,1104,2724,3639,4327
1663,46723,37729,5992,63082,49530,2232,61323,8950,5225,59615
1673,7454,59615,1367,1591,2450,34150,1556,256,34319,1835
1674,4015,3275,7360,2232,8957,44,6503,53996,673,31696
1676,5992,1104,1172,52,215,8981,342,41285,1086,1958
1680,1261,3275,44,7360,1591,59615,7454,2450,61132,5903
1682,2450,1373,193,1591,1974,1556,2369,2794,1687,3763
1687,5992,5225,1172,1292,6620,2300,1235,954,1104,909
1690,5992,37741,1104,8910,4029,41285,1172,1292,8958,6873
1693,8807,6503,69122,7360,7454,5219,1261,8910,61132,54503
1704,2450,193,1591,6503,256,1974,1253,1373,2232,1298
1711,59615,53996,52722,61132,69122,61323,7360,34150,34319,8957
1717,1292,4327,37741,1254,1283,1172,61323,39292,40583,5992
1721,2450,1965,3328,1298,4467,112,2976,3639,2794,1591
1722,5992,215,41285,1235,51540,37741,1172,8950,1292,5225
1729,2724,5,1835,7454,2450,1367,455,2581,2297,1556
1732,1556,1835,2724,2581,1894,455,48,6503,2297,2450
1747,34150,7360,53996,5903,3275,59615,7454,8957,69122,34319
1748,2724,4041,1958,2369,1367,3,455,3100,3969,30825
1777,1254,1283,3730,3198,4327,1253,1945,61323,2186,3435
1779,5225,1945,37741,1104,1172,61323,41285,5992,39183,63082
1784,7360,59615,6503,2232,2450,4015,5219,1373,34150,1298
1792,1292,5992,5225,6440,8910,1172,922,1235,6620,39183
1801,1292,6440,1945,5225,1235,1965,3730,3435,8910,800
1805,54001,59615,5992,61323,1172,3000,1254,61132,1253,68954
1810,59615,5903,53996,7454,61132,7360,34319,54001,31696,8957
1831,41285,5225,2186,5992,1104,37741,3435,909,3730,52
1835,1254,745,61323,3730,800,2064,6440,4467,1212,3000
1876,3435,5225,2186,3730,1254,909,922,41285,1104,1212
1882,1104,5992,5225,37741,41285,800,1172,2186,3435,52
1883,59615,7454,53996,5903,61323,69122,52722,54001,56174,70286
1884,1957,3098,2724,4041,1958,342,1835,2469,2369,6879
1894,63082,6440,51540,56782,5225,54272,61323,39292,3730,3000
1907,2976,6796,6440,1298,3730,319,7360,8950,3735,2232
1909,61323,41285,46723,63082,37741,1172,1283,1945,909,69122
1911,800,3730,1212,5225,922,1292,41285,3435,475,1172
1912,59615,34150,7454,6541,52722,53996,34319,69122,37729,2450
1917,800,1292,5225,1104,2186,1212,3730,5992,1945,3435
1918,5992,5225,342,1235,2186,41285,3730,922,37741,8910
1921,1556,2724,1792,4041,5,4023,2881,1835,168,1367
1923,1253,1373,2450,1367,2393,4327,1254,1298,59615,37729
1945,4015,5219,7454,44,6503,34150,2450,53996,1591,31696
1947,5903,5219,7360,8957,7454,31696,56174,3275,61132,34319
1952,34150,5219,7454,44,6541,53996,5903,6503,4015,34319
1953,6503,34150,4015,31696,7454,44,53996,52722,5219,7293
1954,5881,61323,8910,2450,5992,6503,342,2600,37729,5225
1955,3275,5219,5903,44,7360,7454,53996,4015,6754,31696
1957,8957,7360,4015,5219,31696,6503,2232,8807,34150,3275
1958,3275,53996,4015,5219,61132,5903,44,7360,34319,8957
1960,4015,7360,8957,53996,3275,7454,5219,216,5903,3273
1961,6503,2450,4015,7360,5881,1591,44,3273,5219,799
1962,7360,5219,2232,4015,3275,31696,4105,3285,6503,3273
1965,8957,49530,53996,46723,34319,3275,63082,4023,1367,48
1967,5992,41285,46723,49530,1172,5225,61323,800,40583,1945
1968,59615,46723,2232,5903,256,49530,5881,7360,52722,34319
1974,61323,5992,41285,63082,46723,37741,39292,215,1172,36517
1982,46723,49530,5992,34319,2724,63082,45447,4023,61323,59615
1994,61323,49530,46723,41285,61132,5992,59615,69122,8910,215
1997,1556,6503,34150,4023,2724,719,52722,59615,256,34319
2000,5225,5992,41285,8910,46723,61323,215,8981,342,37729
2001,5992,5225,41285,8910,61323,909,2186,1235,37741,215
2002,5225,5992,41285,1235,8910,909,37741,922,2186,1104
2003,5992,41285,49530,46723,61323,215,1172,37741,5225,342
2004,5992,1172,41285,1957,37741,36517,7162,46723,4029,342
2005,41285,5992,46723,1292,800,3730,5225,1283,1104,1172
2006,319,41285,5225,1298,215,8910,1235,7160,1292,342
2011,5992,800,1104,342,4029,41285,3435,5225,52,1172
2012,800,5992,4029,5225,342,3435,1104,52,41285,1945
2018,36529,69122,5903,61323,61132,49530,7360,34319,79132,8957
2019,4023,2581,7293,1835,3969,1556,30825,7454,5,6287
2020,4015,53996,3275,5219,44,8957,59615,3438,673,5903
2021,8981,41285,5992,5225,215,7160,46723,909,39183,49530
2023,8807,8910,6503,3882,4545,2581,2450,2297,724,745
2028,2450,6503,2369,193,342,1367,4015,8910,319,256
2054,800,5225,41285,215,1298,5992,61323,1292,46723,37741
2058,1235,2186,922,1104,1945,61323,3000,1077,909,1298
2064,34319,7454,34150,53996,31696,8957,59615,5219,5903,1556
2076,7454,2431,34150,53996,1100,4023,5,1591,44,1556
2078,41285,49530,36529,7360,61323,61132,46723,37741,8781,8950
2080,7360,36529,69122,5903,61132,8957,49530,61323,8950,3275
2081,7360,2232,3328,193,3355,61323,3198,475,8950,36529
2085,36529,49530,51540,46723,41285,38061,61323,69122,2232,7360
2087,36529,46723,49530,51540,7360,69122,61323,8950,63082,61132
2088,49530,8950,46723,34319,41285,36529,5903,69122,63082,79132
2094,46723,5225,61323,56782,215,7160,5992,41285,39183,8950
2096,36529,49530,7360,8950,2232,5903,69122,61132,8957,61323
2100,7360,61323,8950,5903,3275,36529,8957,61132,51540,2232
2105,5992,41285,46723,5225,8981,7160,49530,39183,6873,61323
2108,7360,8957,5903,3275,53996,8950,59615,46723,69122,61323
2109,49530,46723,34319,2232,5903,8950,53996,7360,36529,79132
2115,342,5992,5225,52,8910,1680,2976,215,41285,800
2118,46723,63082,49530,45517,61132,61323,30825,69122,52973,59615
2124,46723,61323,49530,5992,7162,41285,215,5225,51540,1945
2126,1235,8910,37741,1292,5992,5225,1172,1104,745,3000
2133,46723,61323,49530,63082,59615,6016,56782,8950,79132,5992
2134,5992,46723,63082,41285,1172,5225,61323,37729,1244,37741
2140,41285,51540,46723,61323,49530,5992,63082,69122,6873,37741
2144,46723,2232,37729,59615,49530,7360,5903,61323,8983,8950
2145,5903,2232,46723,8950,7360,59615,79132,3275,61323,37729
2150,69122,7360,8957,5903,61323,79132,61132,3285,53996,3273
2160,34150,7454,1556,6503,4023,5400,1100,4015,7325,34319
2161,41285,5225,800,51540,37741,1945,3730,4029,1254,1283
2167,5992,1104,909,1292,1086,1172,1945,52,2186,5225
2174,49530,46723,6879,41285,1687,5992,34319,61323,59615,54997
2186,7454,1591,34150,2450,44,6541,6503,31696,4023,5219
2193,46723,41285,61323,37741,215,5992,5225,909,51540,1172
2194,8807,6503,8910,4015,455,2581,2297,48,52722,61323
2231,1077,1253,3000,342,59615,1292,48,2450,2369,1172
2232,2243,3100,3098,1958,2352,1957,2469,3361,7,800
2243,3275,53996,2232,8957,7454,7360,5219,5903,4015,31696
2245,3275,53996,8950,7360,8957,5903,2232,36529,59615,61323
2248,7454,2232,5219,59615,5903,53996,3986,34319,8957,34150
2268,3000,37729,7360,2450,61323,8910,745,3328,2232,2600
2273,5992,5225,342,1292,215,41285,909,1172,1235,3730
2278,5992,455,61323,48,41285,59615,37729,39183,63082,1367
2288,5992,3969,2724,1680,342,4023,2581,1835,2297,5
2289,53996,34150,7454,3275,31696,34319,5219,5903,59615,52722
2291,1556,2450,193,2376,4327,1687,494,225,1373,3639
2294,51540,61323,7360,41285,800,69122,215,8910,1298,2450
2297,56782,1212,61132,41285,1244,1254,319,1283,38061,61323
2300,5219,34319,49530,31696,3113,3285,5903,8957,1687,53996
2302,2232,7360,8950,61323,37729,5903,59615,3000,46723,8957
2313,7454,44,6503,34150,8807,7293,53996,34319,673,3275
2321,7360,2232,59615,3275,8957,69122,2402,193,3355,5903
2324,1591,44,1556,2450,5219,3697,193,1373,2986,7360
2329,2369,2450,2528,1373,2469,1965,1077,1283,1253,2393
2335,800,5992,1172,1212,1254,3730,909,1292,2186,41285
2336,7360,34150,4015,8957,53996,5903,3697,52722,2450,2232
2340,800,1283,2186,909,3683,3435,1212,2300,1254,3730
2352,53996,5903,31696,2232,34319,5219,8957,3275,34150,7360
2353,5992,1172,5225,1104,8910,2186,215,1298,922,247
2355,193,61323,1298,5225,41285,2976,2232,225,215,3355
2359,34150,8957,44,59615,53996,7454,7360,31696,2232,34319
2366,49530,56174,4015,3275,34319,2340,31,36529,4023,3285
2369,53996,7360,8957,8950,5903,3275,59615,69122,51540,61132
2371,46723,37729,63082,8950,5992,41285,61323,72998,8983,79132
2375,61323,46723,70286,61132,56782,8950,63082,37729,41285,3000
2376,5992,51540,8910,37741,8981,5225,61323,46723,39183,215
2378,2186,5992,909,1104,1945,1292,5225,37741,3435,41285
2391,7454,6541,34150,53996,31696,59615,6503,54001,52722,5903
2393,41285,5225,61323,37741,8950,8981,6440,46723,8910,5992
2395,1556,7454,3986,379,34150,6541,1373,34319,53996,1591
2396,7360,2450,5903,5219,4015,8957,1591,2232,1974,3697
2402,5225,5992,8910,41285,909,37741,39183,2186,1235,39292
2403,5992,5225,1172,1104,342,1235,8910,52,2186,909
2405,61323,8950,51540,56782,46723,7360,63082,69122,41285,8807
2406,8950,7360,61323,46723,8957,51540,61132,3275,41285,5903
2407,7360,61323,8950,69122,41285,61132,63082,8807,37729,8957
2409,5225,38038,8910,5992,61323,41285,215,4029,342,6620
2410,5992,5225,342,215,37741,61323,38038,41285,1172,8910
2411,5992,342,4029,5225,3730,909,1292,1104,1235,37741
2413,49530,46723,63082,54997,59615,56174,56782,61323,41285,6016
2420,61323,3435,2186,1254,319,1104,1212,5992,41285,922
2421,61323,41285,3435,5225,37741,39292,5992,3730,909,46723
2423,5992,1172,37741,41285,5225,475,8983,5881,39183,2232
2424,1261,1298,7360,3328,2232,3267,6440,319,4105,3000
2427,6503,2450,2581,7454,34150,1367,7293,2724,5,158
2428,1292,1172,5992,1254,1945,46723,954,1283,37741,1104
2431,800,2186,247,3730,319,5225,3683,1945,1212,922
2450,41285,5992,46723,30749,1104,37741,49530,39183,215,6016
2455,5,6879,3969,4023,2581,49530,45517,54001,1367,455
2467,333,216,4015,673,2694,8807,5,2335,7293,4023
2469,7360,5903,3275,53996,8957,8950,79132,49530,34319,59615
2470,61323,41285,215,8910,8950,46723,51540,37729,5225,7360
2471,41285,5992,61323,37741,1172,46723,39183,5225,6620,51540
2474,53996,59615,7454,54001,7360,54272,5903,79132,3275,37729
2478,46723,8950,41285,5992,5225,49530,39183,63082,51540,37741
2490,1104,5992,5225,2186,1172,909,1235,1945,954,922
2501,2986,44,2450,5219,849,2232,1298,2004,382,1261
2502,1283,475,5992,1172,1104,342,1957,2872,4327,2369
2505,1235,909,1104,745,1077,1172,1244,1292,5992,954
2528,41285,46723,61323,39183,49530,51540,69122,63082,37741,215
2529,41285,1835,5,2724,61323,31,8910,4015,8981,2581
2539,2232,7360,37729,3000,5903,59615,54001,1974,41285,1298
2541,1292,1254,1253,1283,800,1212,909,1077,1945,954
2542,2724,5,455,1556,48,2369,2297,719,1409,1835
2571,2450,193,5992,342,2369,2976,52,4333,2794,1958
2572,3198,1292,1254,1283,3730,3551,1298,4327,2951,3735
2580,59615,1367,48,168,7454,455,6541,2393,1373,34150
2581,3730,1254,2951,6440,1212,4327,1253,3328,61323,1298
2599,7454,5903,59615,34150,1591,53996,34319,56174,52722,5219
2600,5,3916,333,3098,216,1020,1367,3969,3,3100
2605,1292,1235,2186,3730,6620,3435,1254,1104,6440,1172
2616,49530,61323,63082,8950,8957,41285,46723,215,34319,69122
2617,5225,1104,41285,5992,37741,1172,1292,342,215,800
2628,8910,37741,61323,800,41285,5992,1104,215,2976,5225
2640,61323,69122,41285,215,8910,49530,37729,61132,3275,5992
2641,46723,61323,5992,41285,215,49530,63082,37741,5225,51540
2642,41285,5992,37741,5225,61323,46723,39183,1172,215,909
2657,49530,36529,34319,7445,3173,46723,69122,6879,30825,6287
2671,2450,1298,1261,7360,1974,1591,1253,1965,3275,4327
2683,5992,1283,909,1254,954,800,1945,1104,3435,1172
2692,1556,2450,3113,5,1388,34150,3,1591,256,1687
2694,1212,1254,800,1283,3730,1945,3435,3551,1292,922
2699,41285,46723,63082,61323,215,5225,8910,49530,5992,37741
2700,6879,2724,1835,4041,7,1367,4327,1680,1957,3100
2701,3730,909,1945,1104,800,1292,5225,5992,1172,41285
2706,1292,1254,1253,1104,1283,800,1212,909,1945,1172
2707,3000,59615,48,745,61132,54001,61323,45517,8807,38038
2710,4327,2501,1373,6879,1687,2724,1556,1957,3984,3639
2712,2450,34150,7454,2724,2581,1591,2133,1556,1792,1373
2716,5992,41285,46723,49530,215,3285,342,5881,5225,193
2717,5992,800,1172,342,5225,41285,1254,909,475,46723
2722,1235,8910,37741,1172,52,1292,1104,342,41285,5992
2723,46723,41285,5992,7162,1283,1172,49530,63082,37741,61323
2724,1254,1261,6440,3730,1298,2232,3267,3683,3435,70286
2728,6503,4015,7293,2694,4023,216,8807,2581,3882,34150
2735,46723,215,51540,41285,61323,56782,39183,63082,5225,909
2739,7454,7360,53996,3275,5903,59615,5219,61132,4015,34319
2746,49530,46723,36529,41285,51540,34319,61323,8950,5903,69122
2761,1687,31,225,1100,1556,6879,2881,4023,2431,2724
2762,2450,193,256,8910,6503,2976,215,61323,1298,4015
2763,1298,37729,61323,3000,41285,8950,2232,6440,54272,8957
2770,49530,63082,54997,3275,5903,59615,46723,8950,53996,54001
2791,49530,46723,1835,5992,41285,3285,53996,8950,34319,34150
2792,41285,49530,46723,63082,61323,37741,79132,8981,5992,56782
2794,46723,41285,37741,8950,5992,63082,1172,39292,34319,51540
2795,5992,37729,8983,46723,41285,61323,39292,2232,49530,34319
2797,7360,3355,2232,61323,5903,37729,1298,8950,34319,59615
2803,61323,37729,61132,3000,8910,6620,63082,68954,69122,5225
2804,3285,1556,2232,5903,34319,1687,3113,3355,6503,8950
2826,37741,5992,41285,215,1104,39183,1244,1235,5225,52
2858,2450,1373,193,6503,256,1591,379,1556,1367,3639
2871,34150,6503,48,53996,7454,31696,34319,1556,256,1367
2872,51540,61323,69122,54503,46723,63082,41285,49530,8910,8981
2881,3000,1254,6440,2300,1235,5618,922,1244,1298,954
2890,2450,1367,34150,7454,6503,48,52722,455,37729,69122
2908,7454,34150,2450,3639,6541,34319,2402,2826,53996,2986
2915,2232,37729,59615,5903,8950,7360,3275,53996,46723,31696
2916,5992,8910,1104,215,41285,8981,5225,1835,2724,1367
2918,46723,5881,37729,2232,41285,3355,59615,3285,5903,7360
2944,8910,8957,61323,61132,4015,63082,46723,3882,8950,6503
2947,46723,61323,4023,4015,8957,8910,8807,7360,41285,69122
2948,8910,8950,7160,61323,8957,8981,8807,4023,1835,51540
2949,7160,1835,4023,8950,46723,8981,49530,41285,61323,8957
2951,2581,3882,1835,5992,2724,3969,4023,2297,1680,7293
2953,800,1292,1254,342,1945,475,1179,319,4029,52
2959,2369,2450,2469,1958,1373,342,4041,1283,1957,3763
2968,49530,46723,41285,8957,455,6287,8981,31,1835,4023
2976,7454,54001,34150,53996,59615,52722,1367,7293,6503,6541
2985,5992,8981,8910,41285,46723,215,5225,2724,2581,1680
2986,5992,37741,41285,215,5225,39292,8981,909,39183,1172
2987,49530,46723,41285,8950,3285,1835,215,61323,5992,193
2989,5225,41285,51540,8910,61323,8981,215,39183,46723,5992
2990,8910,5225,41285,5992,46723,39183,51540,6620,37741,61323
2991,41285,8981,51540,8910,46723,215,61323,39183,63082,5992
2993,61323,46723,7160,8910,41285,51540,63082,8807,8950,69122
2997,2450,1556,1687,1367,34150,168,1373,7454,1591,1100
3000,2881,4023,1556,2375,5,225,1100,3173,3,719
3005,5225,3000,2300,1292,1244,909,1235,1283,954,1104
3006,7454,2450,34150,1591,6503,44,5219,4015,6541,52722
3020,48,54001,1104,1907,1367,342,5225,2096,909,2369
3033,5992,1172,5225,800,41285,342,1104,475,3730,1945
3039,37729,7360,8950,59615,46723,2232,61323,41285,5903,3285
3052,3198,1283,1957,1254,1172,1292,1945,3435,1086,1212
3072,8957,5903,7360,53996,34150,2232,3275,31696,5219,4015
3081,1957,342,1292,3100,2369,2469,1958,52,1254,5992
3082,5992,37741,215,1292,41285,909,1235,1172,6620,3730
3087,46723,5992,49530,41285,1172,63082,5225,61323,36517,6953
3098,7360,2232,37729,8957,8950,31696,5219,53996,4015,61323
3100,7360,2232,5219,5903,8957,37729,4015,61132,3275,53996
3101,37729,5903,3275,3000,8807,59615,44,8910,61132,33004
3104,37729,3438,4015,8957,455,48,7454,53996,31696,44
3105,4015,6503,7360,5219,6709,7454,673,3273,59615,3438
3107,61323,37729,5225,8910,41285,61132,215,8950,5992,3000
3108,53996,6503,69122,4015,7454,49530,34319,34150,7360,3275
3113,1104,1172,1235,909,1244,2186,2300,1945,215,5992
3114,193,382,225,1298,1965,3198,342,2450,3285,1556
3147,1965,342,800,8910,1077,2186,52,319,1212,1254
3148,2450,44,1591,673,2232,7360,34150,1261,2986,3697
3160,7454,2450,34150,1556,1373,1591,44,379,6541,3639
3168,34150,34319,7454,53996,4023,4015,7293,6503,31696,8972
3173,3000,745,4467,1235,1292,342,1172,1253,1077,2528
3174,7454,2528,34319,1367,3763,53996,34150,1556,2393,3639
3175,41285,46723,8950,61323,3285,8981,49530,5992,63082,5225
3176,2450,1591,34150,1373,44,7454,379,2735,2393,333
3186,1373,849,2989,4327,2402,2450,3104,59615,1591,112
3198,3438,8807,216,2450,3882,4015,44,5,48,333
3210,59615,49530,34319,37729,46723,31696,2232,53996,5903,63082
3246,7454,6503,59615,53996,34319,31696,5903,34150,5219,4015
3247,7360,8950,3328,41285,61323,3000,36529,5903,6440,1298
3252,7360,1261,8910,2186,3000,5219,4105,2450,59615,6503
3253,46723,49530,41285,61323,34319,1254,5992,59615,63082,37729
3254,1172,909,61323,5992,46723,5225,3730,1254,1086,37741
3255,2232,7360,8950,3355,61323,5903,59615,37729,8957,3000
3256,61323,5225,37729,63082,61132,8910,3000,41285,69122,8950
3257,3000,8910,745,6440,922,61323,5225,30810,6620,1212
3258,5225,46723,37741,40583,56782,39292,51540,1254,49530,63082
3263,61323,46723,59615,37729,63082,48,68954,54001,5992,79132
3264,46723,49530,61323,56782,63082,54997,41285,37741,68157,68954
3267,2724,5,2581,1367,1835,52722,4023,2431,48,455
3273,1292,1254,1244,1172,1957,1283,1077,3730,909,5992
3275,342,1958,2243,2469,2369,800,52,1077,1292,1244
3285,1254,954,1283,2300,3435,1292,909,2243,2186,1253
3300,5992,1292,52,1104,1235,1244,1172,342,1958,1086
3301,1254,922,3435,1212,1283,2186,1945,1172,5225,909
3317,34150,7454,53996,5219,1591,2450,34319,6541,52722,44
3328,2581,5,1835,719,2724,2297,1556,585,1100,48
3354,1104,37741,1292,41285,2186,5225,909,1172,3435,1357
3355,1292,954,1957,3100,342,2243,1104,3098,585,909
3361,2232,5903,8950,7360,53996,8957,37729,3275,34319,3285
3362,7454,6503,44,1591,34150,6541,170,2450,1556,4015
3363,3275,7360,44,6503,5903,7454,34319,53996,5219,31696
3386,5219,6503,158,44,7454,8807,61132,59615,53996,4015
3396,36529,8950,46723,8957,3285,34319,51540,49530,61323,41285
3408,2232,2450,1298,5903,1591,7360,1261,3275,61323,61132
3409,1292,1254,1104,800,52,1957,1172,1945,954,2300
3418,3275,53996,2450,34150,44,5903,31696,59615,1591,8807
3421,37729,8950,2232,46723,34319,49530,61323,59615,41285,56174
3424,7454,6541,53996,1556,5219,34319,6503,256,158,4015
3435,2450,44,5219,7454,1556,1591,34150,4015,31696,6541
3438,342,1172,5992,3730,1292,3198,41285,800,1957,475
3448,7360,61323,5881,41285,6503,53996,59615,8950,61132,5219
3450,5225,8983,61323,3000,2232,7360,41285,70286,8950,51540
3471,61323,4015,6503,3275,53996,69122,61132,673,8807,37729
3476,53996,455,45447,48,168,45517,34150,5,59615,2724
3481,2450,256,1556,1388,1591,379,34150,3639,7454,1367
3489,800,3730,3435,52,1179,1945,319,1254,3683,1292
3499,7454,59615,34319,45517,6503,53996,61323,34150,1556,52722
3504,7454,5219,6503,34150,31696,44,53996,2450,34319,1591
3510,1298,1965,3000,6440,2186,61323,922,319,1104,5225
3526,5903,7360,2232,37729,34319,31696,53996,3275,8950,49530
3527,5992,342,1172,1104,215,52,5225,1235,1680,1958
3535,2369,1957,3763,1958,2243,3100,3098,4041,2469,914
3551,4015,53996,6503,7293,48,673,44,2694,5219,8957
3552,46723,5992,41285,37729,8950,5225,2232,48,8983,63082
3555,61323,5225,8910,6440,2186,3435,1235,1244,1104,41285
3556,1373,2450,379,1591,2393,3639,1556,849,1372,2993
3578,2450,2369,342,2469,1298,2133,1965,2976,52,256
3608,49530,34319,46723,36529,5903,7454,1801,72998,8950,45447
3617,1292,1086,1283,1945,1254,1104,1077,3730,3435,1957
3623,1292,1104,2186,1235,1254,1945,6440,3435,909,922
3624,41285,5992,39183,8981,46723,63082,1104,37741,61323,5225
3635,215,41285,51540,46723,61323,8910,8981,5992,8807,69122
3638,41285,8910,5992,8981,46723,7160,215,51540,39183,5225
3639,41285,215,5992,8910,39183,5225,46723,8981,51540,63082
3671,49530,46723,3285,34319,8950,8957,31696,53996,2232,256
3683,7454,2340,34150,6541,2724,2431,1556,53996,48,31696
3686,61323,46723,63082,61132,41285,56782,69122,5225,6016,54272
3697,5992,5225,342,1235,1104,37741,1244,909,8910,1172
3698,5992,215,5225,1172,41285,1104,37741,909,46723,342
3699,61323,46723,69122,41285,49530,8950,3275,61132,37729,79132
3702,5992,41285,215,8981,2581,1835,2724,46723,5,4023
3703,5992,2724,1835,4023,2581,3969,8981,5,455,5225
3704,5992,41285,5225,37741,215,39183,46723,61323,8981,51540
3717,1212,1235,1254,909,1104,2186,3435,800,1292,1244
3730,7454,1591,6503,44,34150,3438,4015,6541,5219,2450
3735,6503,7454,34150,48,5219,53996,4015,256,52722,31696
3740,5992,41285,46723,1172,39183,30749,37741,342,5225,7162
3751,2450,31,7360,1556,193,1974,1687,1792,3275,8950
3752,1086,909,914,1283,1212,1945,3435,1254,2186,1253
3753,6440,2186,319,1244,922,1235,1292,3435,5225,800
3755,2450,745,3000,2186,1212,922,1298,1253,909,2300
3763,61323,69122,46723,61132,8950,8957,54272,37729,79132,7360
3785,800,1292,909,1254,1957,3730,1086,954,2243,342
3791,61323,8950,2232,46723,7360,51540,54272,41285,59615,56782
3793,1292,1958,1172,52,342,800,1086,5992,1104,909
3798,1292,1965,1254,1077,3000,1235,1283,2300,745,1253
3809,46723,3000,5225,49530,1172,59615,37729,2232,54001,8983
3826,1235,1172,1104,1292,909,922,800,342,1244,1945
3827,8910,5225,2186,319,61323,41285,63082,215,5992,46723
3863,1254,1086,1104,909,1283,1292,3435,1172,2186,954
3868,5992,7162,1104,8981,2297,1835,1367,342,2724,1680
3869,37741,342,1172,5992,1104,5225,1235,8910,49530,8981
3882,3198,1254,1292,1283,2951,475,3551,1172,1272,1253
3893,34319,3275,5903,59615,53996,56174,44,69122,34150,79132
3897,2450,1591,44,256,2376,1556,379,1373,1974,7454
3911,7454,8957,34319,1556,5903,2232,1687,34150,2826,3113
3916,1298,1965,319,2600,6440,1212,3000,1261,4467,1077
3948,1254,1283,1253,1298,2450,3000,2528,1212,1965,800
3949,1373,2369,2450,2469,2393,2989,2088,1372,4041,1957
3967,2450,44,193,849,7360,799,333,1591,2794,3697
3968,1212,3730,1283,475,1254,1945,1086,4327,2186,909
3969,1254,3435,1212,1283,922,2186,3683,3730,247,745
3977,1254,1292,1283,909,1172,2186,475,1945,3730,3735
3984,8910,41285,69122,63082,215,39183,51540,5225,61323,8981
3986,1104,5225,1235,1292,1172,909,5992,1244,2186,922
3988,800,3435,1254,909,3730,2186,1292,475,1945,319
3994,1104,2369,1292,1958,342,1235,52,1172,800,1254
3996,2450,256,719,1556,193,1388,1974,1367,2794,5
4002,46723,37729,5903,2232,49530,5992,72998,8983,61323,41285
4007,2450,44,7454,158,1591,455,3438,1367,48,4446
4008,37729,6503,7454,5903,54001,8807,59615,3000,4015,69122
4011,2369,2469,1958,342,1957,2243,954,1292,1283,914
4014,2450,849,1591,799,2986,3697,2004,1261,379,44
4015,1292,1945,1957,1254,800,1283,475,1958,2243,954
4018,3435,1254,2186,1965,800,1283,1212,1945,6440,2300
4019,2450,1261,1298,1965,2004,968,319,4105,3000,1253
4022,2450,1974,319,1298,3435,2186,2369,2413,800,193
4023,2186,3435,1212,3000,1254,1261,1965,1283,1298,319
4025,3730,6440,1254,1292,475,1298,3435,800,1212,1945
4027,1556,2450,1591,256,379,1835,1388,48,1367,455
4029,44,1591,53996,673,48,2411,2450,34150,7454,3697
4034,2450,256,1591,1373,44,7454,48,1556,673,1367
4041,54272,5903,37729,61132,4015,61323,8950,54503,2232,59615
4084,5992,1172,5225,215,909,41285,1244,1104,1235,63082
4085,41285,215,5225,5992,8910,3000,1104,8981,1172,37729
4103,6503,3273,673,7454,5219,53996,61323,30825,7360,1591
4105,1957,5992,7162,2724,342,17,6879,7,6565,3100
4121,46723,61323,63082,5992,8950,5225,41285,6016,1172,49530
4128,46723,41285,1172,1244,215,5992,1283,61323,49530,1254
4148,1283,1077,342,909,1172,2243,954,1235,1957,2469
4161,1253,1292,3435,1235,1086,909,1212,954,1283,2186
4214,5992,46723,1172,37729,49530,2186,51540,215,8950,475
4223,2369,1104,3435,2186,1292,1235,922,1965,1244,954
4226,2450,1373,1556,256,2376,2369,719,2133,2794,455
4239,954,1077,914,1283,2450,1253,1254,1957,2528,1373
4246,2450,1591,1298,7360,849,44,1261,1974,379,3697
4262,2581,2369,2133,342,2724,1614,2297,2450,1441,1958
4270,1292,1104,800,1244,1945,909,3730,52,1235,2186
4299,2186,3435,1945,1235,1292,1212,3730,1244,6440,922
4306,2976,2450,800,193,1298,319,1104,1965,1974,1086
4308,2450,1591,849,379,2826,2735,2794,333,1792,1388
4310,3435,2186,1212,922,1292,6440,3730,1283,1244,1077
4321,2232,61323,8950,7360,51540,8957,46723,37729,41285,3000
4326,4015,44,2450,48,37729,158,5903,724,6503,170
4327,724,2581,4015,455,216,6503,3968,158,3409,1835
4333,46723,5903,49530,79132,72998,61323,56782,54001,8950,63082
4343,1945,1172,1104,3435,1086,1283,2186,909,922,800
4344,2186,1244,1235,1104,1292,3435,1077,909,922,1172
4351,1292,1104,5992,1172,1945,909,1283,1254,954,1077
4361,44,3275,5903,7360,1591,2450,5219,7454,4015,2826
4367,1292,909,800,2186,3730,1235,1172,1244,3435,1104
4369,1292,1235,52,1104,1254,800,1244,1077,2186,1212
4370,2450,5,1283,1100,2413,2369,1091,333,2794,3435
4446,1086,909,2186,3435,1292,1104,800,1945,1235,475
4447,2976,1254,2232,1298,2951,1283,4327,475,1261,1965
4448,1298,2450,3000,1292,4467,3435,1253,954,1172,2300
4467,46723,49530,1835,4023,455,30825,3173,2881,45447,53996
4489,5992,1172,5225,1283,2186,3435,475,1104,909,1254
4499,46723,8950,455,53996,79132,63082,49530,51540,61323,48
4545,1172,41285,5992,5225,800,1212,215,909,1254,3435
4558,800,1172,5225,3435,1104,909,1244,2186,1212,1254
4571,5992,46723,41285,49530,1172,3198,1254,61323,1283,8950
4621,1212,1172,800,1283,1254,3000,3730,61323,3435,1292
4623,5992,1172,46723,3000,61323,37729,41285,63082,5225,1244
4638,3435,800,1292,1172,1104,1235,52,342,5992,1945
4641,379,1687,1792,1556,2376,7454,256,1373,1591,1388
4643,1172,909,800,3435,1292,1104,2186,215,1086,1254
4681,69122,79132,53996,3275,7360,455,61323,63082,70286,61132
4701,1292,800,1104,1172,3730,1235,1945,909,5992,1244
4718,1292,800,1254,1283,1077,3435,1104,1172,1212,1253
4720,2450,2088,2989,1373,1965,3639,2376,2133,333,2990
4734,1172,1283,1957,3198,1958,1086,17,1945,1292,909
4776,2450,2369,1253,745,2088,1077,2528,954,2393,342
4816,1254,1253,1283,1958,1086,800,2393,1945,909,3763
4848,2450,719,256,5,1591,1373,333,2375,2133,1556
4855,2581,3882,372,1614,2297,1835,2724,585,1441,8910
4865,2369,1957,342,1292,2469,1104,1958,1283,1235,954
4874,3435,2186,909,1212,1254,1283,800,922,1244,2300
4878,2369,1957,1958,2469,2989,3100,3763,1556,3098,494
4881,7454,2450,1556,1591,48,455,1367,379,1373,34150
4886,193,2976,2369,225,800,2376,52,2118,1965,342
4890,1283,1212,1254,1965,1253,2186,909,800,1298,3000
4896,1298,2976,193,1965,1476,866,800,2450,319,1292
4901,1292,1298,2186,2300,1253,3435,909,1244,1261,1077
4963,2450,1298,2369,193,1254,1974,1253,1388,1292,1283
4973,2450,379,849,1591,1556,1974,1388,1373,1792,2376
4975,1254,1965,1283,800,2300,1292,954,2872,2369,4327
4979,379,1556,1373,2450,2989,2393,1591,1388,3639,1687
4980,5992,1172,1254,41285,3435,3198,1292,1945,1283,1086
4993,2450,2369,1958,52,193,256,2133,2794,342,719
4995,2450,1974,1965,1388,193,112,319,799,1298,2376
5010,2450,2369,342,2133,1974,1292,3435,2469,2794,1077
5013,1591,2450,44,1974,5219,2402,673,3697,34150,1388
5015,2450,1591,1373,44,256,3986,2393,379,112,6541
5049,3000,61323,46723,63082,215,5225,37729,48,41285,455
5060,8957,53996,4015,34319,5903,56174,7254,7360,34150,31696
5064,1292,52,1298,1077,1244,909,319,1965,1104,2300
5218,800,3435,1945,1965,2243,1283,1104,1235,52,2369
5219,800,1104,1292,909,1172,1235,1945,52,1958,1957
5225,1373,2402,1591,2450,379,1556,849,256,3986,1388
5254,1235,1292,1104,1172,1957,1958,1086,800,1244,342
5266,2450,1965,954,1283,1298,2528,1292,1957,2369,1104
5299,1261,2232,7360,2428,1298,799,2600,2450,319,1974
5308,3000,800,61323,3328,2186,8950,1254,215,7360,6440
5349,800,2369,1298,52,342,3198,193,1292,1283,1104
5377,2450,1591,44,379,2986,849,1373,1037,3697,2004
5378,800,1104,342,909,319,1292,3435,1172,2186,2976
5388,2450,954,2393,1373,2369,2133,1253,1591,3763,48
5400,1104,1235,1292,2186,1172,52,909,1077,342,1298
5418,2450,1298,2369,2976,1974,52,1965,382,2133,800
5445,2450,193,2369,1974,256,724,1298,342,2794,2133
5459,2186,800,3435,909,1945,52,922,1283,1104,5992
5464,2450,585,2369,724,1974,2133,1298,1373,1965,2088
5481,1283,1104,1958,1254,800,2186,909,3435,1945,2243
5502,800,1292,52,1965,1298,2369,1283,1104,1235,1957
5507,1104,1172,1235,52,800,1244,1292,1945,909,475
5528,2450,1373,2872,2393,1253,2369,1957,954,1591,1298
5541,1172,1086,1958,800,1292,909,2739,1945,1104,5992
5617,2376,379,2990,256,1388,2792,1792,2450,1373,2402
5618,1556,225,2881,1792,1620,3,1388,1091,1100,2375
5630,1292,2300,1077,909,1957,342,2243,1253,1235,1965
5669,1556,2450,1591,1373,2133,1367,2376,379,168,3639
5673,1373,2393,1556,379,2989,1388,2376,3639,1367,2826
5679,1957,1283,800,2369,1292,2243,2469,3100,1958,1254
5810,1253,2528,2393,1292,2469,1283,1373,1086,2467,2450
5816,800,2976,1965,1298,52,319,193,1292,866,3763
5872,1235,52,1292,1104,1945,922,1172,800,909,3435
5881,585,333,2581,1283,724,2369,4041,954,5,193
5902,2450,1556,1373,1591,379,1388,2393,2376,1687,2826
5903,2469,2369,342,52,1958,2352,1104,1283,2243,1235
5945,2450,1591,44,379,2826,1373,1037,7454,1687,799
5952,2369,2450,342,52,2976,1958,2469,719,800,1965
5954,2450,2133,1373,2393,3639,3635,2989,5,2369,1372
5956,2450,2369,2133,1373,3763,585,3264,2469,2528,2393
5989,2450,1974,1591,1373,1298,1388,1965,2369,2872,3763
5991,2450,1591,1037,849,2986,3697,2826,799,1388,1298
5992,2450,1591,44,379,2826,849,2402,7454,3697,1373
5995,2450,1591,1373,849,44,1556,2133,1037,2735,2528
6003,1373,1556,1591,2393,2450,48,5,1907,1367,2724
6016,2450,1373,2133,2375,1556,2088,2369,2794,1388,1591
6157,1104,1292,1172,1235,1945,52,909,3435,1283,1244
6188,1283,1172,1254,1958,2369,1957,342,1253,914,2467
6218,2450,3697,2986,2004,1261,1298,799,2402,1388,44
6281,800,1957,1965,2369,1292,2469,954,1235,1283,2450
6287,800,1283,1254,1253,342,909,2243,1212,1957,1965
6323,1965,1957,1292,2469,909,1104,2088,2450,2300,1283
6333,1958,52,1292,2369,342,1172,2469,1104,800,1957
6365,1104,909,1292,800,52,342,1958,2469,2369,1945
6373,800,1965,3435,1283,1254,52,1212,1945,1292,922
6377,2976,1965,2450,1298,2376,193,800,2369,382,1388
6378,1298,3435,1104,1292,2976,909,2186,954,1965,922
6440,1556,1367,2581,455,1792,1591,168,2724,2393,7454
6502,2369,1958,1957,2469,52,342,3098,3763,954,2724
6503,1254,1292,1945,909,1283,800,3730,475,3735,1172
6534,1104,1958,800,1292,2369,1172,1957,52,2352,342
6537,52,909,800,1235,1292,1104,1244,1614,1441,1958
6539,2976,2369,342,2450,1292,800,1298,1965,2469,52
6541,800,1244,1292,1172,1945,2186,909,3730,1104,52
6565,2450,1261,2232,44,1974,4105,2004,1298,799,3438
6620,1556,1367,1687,1388,379,256,1792,2450,44,2990
6659,1172,342,1104,5992,5225,1945,215,1292,52,1958
6708,2450,2369,1591,1373,2792,2986,2133,1037,2872,1974
6709,1292,342,1104,2369,1958,2243,1957,1283,954,1235
6711,2450,1591,1373,379,1388,2986,256,1974,1037,1556
6754,1292,52,1104,1244,909,800,1172,2243,1235,2186
6787,2450,1591,44,4015,3438,1556,1037,7454,3273,1974
6796,1367,455,48,1556,1907,1373,2393,256,158,7454
6807,1835,2581,7,2881,4023,225,647,455,3173,2724
6863,2450,1388,1373,2369,1037,2467,2872,2376,1591,2735
6870,2450,1373,1591,44,2735,2133,2986,2794,256,2792
6873,2450,1591,44,1373,2393,379,2986,3438,1974,1556
6874,2369,2450,1958,2469,1957,7,2724,342,1373,3763
6879,2450,1298,1261,3000,1965,745,4105,319,1591,968
6934,800,909,1958,1292,1235,1104,2186,52,1945,3435
6936,3198,2467,1298,800,1283,1254,475,319,866,849
6942,2450,849,2872,1591,2986,1298,1965,1974,1373,1037
6947,2450,724,1974,1298,2581,2133,585,2794,3273,1367
6953,2450,1373,2393,2133,1591,1372,2088,112,3264,379
6957,1373,1957,914,2450,2393,17,2467,2369,1835,7
6979,1367,2976,48,455,1104,673,3273,52,3285,2186
7004,800,1945,1292,1172,52,909,5225,1077,1283,1235
7090,2469,2369,1958,719,2375,585,2450,3100,3,1091
7143,1965,2369,319,585,1104,342,2186,1235,2469,800
7147,2369,1556,3763,1373,1388,2450,494,849,379,1591
7153,2369,2450,52,2469,1965,342,2976,800,1958,719
7160,2450,1373,2376,2990,3638,3639,849,1372,2393,2989
7162,2450,1261,1591,44,2004,1974,799,2792,4105,3438
7254,800,1292,2243,1283,1254,1179,2300,52,909,1077
7293,800,1283,3730,3551,1292,1212,1254,1945,2186,2976
7325,800,1104,1283,1945,954,1172,1292,342,909,1254
7360,2469,2369,342,3100,1957,3098,2243,1958,17,497
7361,2450,1373,2376,379,3763,2369,1556,1388,1591,494
7373,1957,1958,342,1172,2469,1104,2352,2369,3100,2243
7438,2369,2450,1958,2469,1957,2375,7,800,342,2724
7445,1077,1104,1235,52,342,2369,1244,1292,2300,1965
7451,3198,2450,2376,2402,379,1591,1373,2944,1283,1037
7454,800,52,1244,3730,1235,909,1104,1292,2243,1945
7458,2469,1292,909,2369,1077,2186,1235,1965,3435,800
8360,2976,1965,800,2369,2118,3435,2469,3551,1974,1292
8361,1283,52,800,1235,1254,1292,1172,2186,2300,1077
8368,2976,1388,52,800,225,2369,193,1810,3763,376
8376,2369,1556,1373,800,1283,2376,1388,1957,379,3198
8464,2369,1373,2450,849,2528,1556,2469,2393,3763,379
8528,800,2369,1958,1283,1945,475,3198,1172,1957,1104
8529,2450,2369,1965,800,585,2872,319,1974,1261,3435
8622,1556,2450,1373,168,3,1591,1367,1388,2133,1792
8636,2369,342,1958,52,2469,1104,1298,1292,800,2976
8641,2369,342,800,1958,1957,1172,1283,2469,17,3763
8644,800,52,1104,3435,2186,2369,1958,1254,2243,1235
8665,2450,1298,2976,2369,1965,1974,1958,52,382,2088
8781,2450,849,1965,2088,1261,1298,2794,2872,2792,1283
8783,800,1283,2369,1254,2300,1292,1104,954,1945,1957
8784,2450,2376,849,1591,1388,1373,382,3639,379,2402
8798,2450,2369,2469,2088,2133,2794,1958,1298,2528,585
8807,800,1957,3198,1283,2369,1086,1958,342,1693,1172
8865,52,1958,1104,1292,2369,909,2724,1957,585,1283
8874,2369,3100,1958,2469,1957,647,7,225,1810,52
8910,379,2402,2990,2376,1388,3639,1385,2826,1792,2989
8917,2469,1958,2369,1957,3100,7,17,4041,3098,800
8949,2450,1591,1792,1556,1373,1037,2986,1388,379,2826
8950,2369,2469,1373,2088,2243,1957,585,2375,1958,3763
8957,2369,1957,800,2469,2243,52,3072,1292,1958,1104
8958,2450,1591,849,799,1373,379,2004,1261,2986,1298
8961,2369,1388,2450,382,2469,193,2976,1556,1958,225
8970,2450,849,799,2986,1965,1388,1298,1591,1261,379
8972,52,800,1298,2976,1104,1283,1244,319,3730,1235
8981,2450,1373,2376,1591,3639,2991,1037,2986,2393,849
8983,2450,3,1091,585,256,719,2133,2369,1556,2724
8984,1283,52,1077,1292,1298,1254,1104,1945,2118,2450
30707,2450,1373,2133,2735,2528,799,585,1388,2088,2369
30749,2450,1591,849,799,2794,2986,2642,1556,379,170
30793,2369,800,1957,225,1958,3098,2469,3763,1620,529
30810,2369,3763,647,2724,1556,4041,225,1835,1958,2469
30812,2450,1591,1974,44,724,2986,1373,1388,799,2133
30825,1283,800,1254,1965,1945,3435,2369,2300,954,1212
31696,800,1292,2243,1958,1104,52,2352,1945,1957,909
32587,2369,2469,1958,1957,342,2243,2375,2133,2352,3763
33004,800,1958,2369,2243,342,2352,1179,1957,52,1104
33166,2450,1373,2376,2528,1388,1591,2872,1965,2088,849
33493,342,800,2369,1104,52,1958,319,1179,2469,2352
33679,800,1283,52,2976,1254,3435,1298,2186,1077,1292
33794,2369,2469,52,1958,2450,3763,342,800,2133,585
34048,52,800,2369,2450,1958,1104,2469,1614,1965,1235
34150,52,800,1104,2186,1945,909,1172,1244,1292,1254
34162,1283,1253,2118,800,2369,1254,2872,1373,3198,2528
34319,800,52,1104,1958,2064,1235,2243,2369,2469,1179
34405,1958,52,2369,1810,2469,342,800,2352,2739,2375
35836,3763,1388,382,3198,1373,2369,2872,1283,2450,2467
36517,2450,1591,1373,1037,849,1974,44,1388,2792,2004
36529,2369,1958,2469,585,2300,342,2088,1077,3396,2245
37729,1958,2369,225,2469,3098,4041,2352,2375,3100,3763
37733,2450,2375,1373,2369,2469,2794,2792,2393,1091,2724
37741,2450,2826,44,1556,849,1591,379,2986,1388,1037
38038,2450,1100,2133,1792,762,225,719,193,849,2402
38061,2369,2450,2375,1373,2393,2528,1958,1037,1556,2297
39183,2450,2826,1037,1373,1591,2528,2735,2402,849,3639
39292,1591,1556,2450,44,2986,1974,849,379,1037,2402
40583,2450,1591,1556,1974,724,2004,256,3273,3264,2133
40815,2976,800,2369,52,1810,1388,1292,1283,1965,2794
40819,2450,1388,1591,1037,849,1556,799,2986,2528,2376
41285,2450,849,1037,1591,1373,2528,2826,2792,379,2735
41566,800,52,2976,1292,319,1965,866,1179,3435,2469
41569,2369,1958,2469,52,3763,2133,2352,2528,2450,342
41997,2450,2369,2735,2133,2794,1974,2469,2792,3264,585
44191,2369,2469,1958,800,2243,52,1614,2352,1957,1283
44195,1388,2450,2369,849,1373,2528,1974,1556,2872,2088
44199,2450,2088,1974,2369,1388,1298,1965,1958,585,2528
45447,800,3435,1965,1945,1292,319,1283,1104,52,585
45499,1958,800,1292,2352,52,1104,2186,909,2469,1179
45517,52,319,800,2469,1810,2369,1965,2064,2976,1388
45722,1958,800,2469,1292,1965,52,2369,2352,2976,1179
46530,2369,52,2352,800,1958,1172,342,1965,3730,1945
46578,1388,849,2450,1373,1591,2376,3639,2528,1556,1974
46723,2450,2735,2369,3264,1373,2133,2528,112,1037,2088
46976,1388,2369,2450,2376,3639,2792,3763,2469,193,2872
47610,585,2369,2450,1614,2794,1298,1388,1965,2792,1974
48385,1373,2369,2469,2133,2450,7,2528,1958,2393,849
48394,2369,2450,2375,2469,3763,2376,2133,494,2792,2794
48516,2450,2369,1373,585,2528,2735,2088,2469,2133,1388
48774,2369,2469,2375,2450,1388,2735,3763,1556,1958,4041
48780,2369,2469,585,2450,2088,1958,3763,2794,2792,4041
49272,2450,585,2369,2469,2133,2792,2375,2794,1958,1974
49530,2450,2369,2469,2088,2300,2792,2413,585,2133,1077
50872,1620,1388,2369,1974,2450,2469,2792,2375,1100,1810
51255,2369,1958,1810,2469,52,1388,225,4041,2352,2739
51540,2369,2735,1373,2450,2376,2528,2989,2872,2991,2469
51662,1958,2369,52,2469,2243,2352,800,1104,1810,3072
52722,52,1958,2369,2469,2352,1104,800,2243,1179,2976
52973,1388,1373,2376,2528,2369,3763,3639,2872,2990,2989
53996,2369,52,800,2243,2469,1179,1958,2352,1292,1104
54001,2976,52,800,1810,2369,2469,2352,3763,1883,1958
54272,2469,4041,2369,1958,800,3763,2352,1388,2375,2735
54286,2369,2450,1958,1974,2469,2088,1614,52,585,2976
54503,2369,4041,1388,2469,1283,1373,2872,800,1958,1957
54997,2369,2450,2469,585,3264,2792,1974,1965,1614,342
55820,2369,1373,2450,585,2133,2735,1556,2375,1388,2469
56174,800,52,2369,1104,2469,1958,3435,2186,1283,1179
56367,1388,1373,1037,2450,2735,2376,2990,849,2872,112
56782,2450,2735,1373,1556,2375,2133,2369,2469,3264,7
58559,2369,2469,1958,585,800,4041,1614,1388,2375,52
59315,2369,1958,2469,800,52,1883,1614,342,2976,319
59615,2369,52,800,1883,2469,342,1958,1179,1104,1614
60069,2369,1388,1620,2450,1958,1614,1974,2794,2469,2133
61132,1958,2369,342,2469,800,3763,4041,2375,1810,2352
61323,1388,585,1373,2369,2375,2735,2469,3763,2133,2450
63082,1388,2369,2450,585,849,2792,2133,1373,1974,2375
68157,2369,2375,2469,2133,1373,585,3763,1958,2450,647
68358,2369,2976,1958,1388,52,800,2469,1614,1883,319
68954,2369,1388,3763,2792,382,4041,1620,3264,849,724
69122,2369,800,2469,3763,1958,2528,1373,2243,1965,2088
70286,2369,2469,1958,2375,225,1810,585,2724,2243,7
72998,2469,2369,2375,2133,4333,800,1614,2450,585,2976
79132,2469,2369,1958,2450,3763,2133,2088,2792,585,4333
